virus_genus,locus_name,MinimumAge,host_class
Metahepadnavirus,ehbv-meta.1-sauria-con,279.83150000000023,Aves
Metahepadnavirus,ehbv-meta.1-sauria-con,279.83150000000023,Reptile
Herpetohepadnavirus,ehbv-herpeto.5-testudines,200.76100000000025,Reptile
Dependoparvovirus,epv-dependo.1-whippomorpha,160.00000000000023,Mammalia
Carbovirus,EBLN-Carbovirus.75-Marsupialia,160.00000000000023,Mammalia
Circovirus,ecv-circo.102-testudines-con,117.90000000000026,Reptile
Carbovirus,EBLG-Carbovirus.2-Boreoeutheria,99.18870000000021,Mammalia
Orthobornavirus,EBLN-Orthobornavirus.27-Boreoeutheria,99.18870000000021,Mammalia
Orthobornavirus,EBLN-Orthobornavirus.56-Placentalia,99.18870000000021,Mammalia
Parvovirinae,epv-parvovirinae.23-supraprimates,94.00000000000023,Mammalia
Carbovirus,EBLN-Carbovirus.4-Laurasiatheria,94.00000000000023,Mammalia
Carbovirus,EBLN-Carbovirus.8-Boreoeutheria,94.00000000000023,Mammalia
Carbovirus,EBLN-Carbovirus.9-Boreoeutheria,94.00000000000023,Mammalia
Carbovirus,EBLN-Carbovirus.9-Laurasiatheria,94.00000000000023,Mammalia
Cultervirus,EBLN-Cultervirus.21-Primates,94.00000000000023,Mammalia
Cultervirus,EBLN-Cultervirus.34-Boreoeutheria,94.00000000000023,Mammalia
Orthobornavirus,EBLN-Orthobornavirus.24-Laurasiatheria,94.00000000000023,Mammalia
Orthobornavirus,EBLN-Orthobornavirus.30-Boreoeutheria,94.00000000000023,Mammalia
Orthobornavirus,EBLN-Orthobornavirus.8-Primates,94.00000000000023,Mammalia
Filoviridae,efln-filo.9-spalacidae-con,94.00000000000023,Mammalia
Avihepadnavirus,ehbv-avi.31-passeriformes,90.83966000000021,Aves
Carbovirus,EBLN-Carbovirus.0-Primates,87.20000000000022,Mammalia
Orthobornavirus,EBLN-Orthobornavirus.1-Primates,87.20000000000022,Mammalia
Cultervirus,EBLL-Cultervirus.8-Chiroptera,86.29608000000025,Mammalia
Avihepadnavirus,ehbv-avi.1-neoaves-con,84.2028000000002,Aves
Dependoparvovirus,epv-dependo.370-pelecanus,84.2028000000002,Aves
Dependoparvovirus,epv-dependo.20-laurasiatheria,81.02605000000023,Mammalia
Dependoparvovirus,epv-dependo.22-laurasiatheria,81.02605000000023,Mammalia
Dependoparvovirus,epv-dependo.36-phyllostomidae,81.02605000000023,Mammalia
Parvovirinae,epv-parvovirinae.20-laurasiatheria,81.02605000000023,Mammalia
Parvovirinae,epv-parvovirinae.22-laurasiatheria,81.02605000000023,Mammalia
Carbovirus,EBLN-Carbovirus.31-Afrotheria,79.82000000000022,Mammalia
Carbovirus,EBLN-Carbovirus.40-Afrotheria,79.82000000000022,Mammalia
Carbovirus,EBLN-Carbovirus.41-Afrotheria,79.82000000000022,Mammalia
Carbovirus,EBLN-Carbovirus.45-Afrotheria,79.82000000000022,Mammalia
Carbovirus,EBLN-Carbovirus.46-Afrotheria,79.82000000000022,Mammalia
Carbovirus,EBLN-Carbovirus.48-Afrotheria,79.82000000000022,Mammalia
Carbovirus,EBLN-Carbovirus.49-Afrotheria,79.82000000000022,Mammalia
Carbovirus,EBLN-Carbovirus.50-Afrotheria,79.82000000000022,Mammalia
Carbovirus,EBLN-Carbovirus.55-Afrotheria,79.82000000000022,Mammalia
Carbovirus,EBLN-Carbovirus.66-Afrotheria,79.82000000000022,Mammalia
Orthobornavirus,EBLN-Orthobornavirus.47-Afrotheria,79.82000000000022,Mammalia
Orthobornavirus,EBLN-Orthobornavirus.52-Afrotheria,79.82000000000022,Mammalia
Orthobornavirus,EBLN-Orthobornavirus.5-Primates,79.3647000000002,Mammalia
Orthobornavirus,EBLN-Orthobornavirus.76-GalVar,79.3647000000002,Mammalia
Protoparvovirus,epv-proto.166-Gymnobelideus,78.18680000000023,Mammalia
Cultervirus,EBLL-Cultervirus.4-Marsupialia,78.18680000000023,Mammalia
Orthobornavirus,EBLL-Orthobornavirus.7-Marsupialia,78.18680000000023,Mammalia
Orthobornavirus,EBLN-Orthobornavirus.74-PhaCin,78.18680000000023,Mammalia
Avihepadnavirus,ehbv-avi.34-leptosomus,76.25595000000021,Aves
Avihepadnavirus,ehbv-avi.14-gaviiformes,75.1004900000002,Aves
Avihepadnavirus,ehbv-avi.15-gaviiformes,75.1004900000002,Aves
Avihepadnavirus,ehbv-avi.20-cariama,75.1004900000002,Aves
Carbovirus,EBLN-Carbovirus.65-Afrotheria,75.1000000000002,Mammalia
Carbovirus,EBLN-Carbovirus.5-Primates,73.7549200000002,Mammalia
Orthobornavirus,EBLN-Orthobornavirus.2-Primates,73.7549200000002,Mammalia
Avihepadnavirus,ehbv-avi.22-tyto,70.41822000000019,Aves
Avihepadnavirus,ehbv-avi.8-australiaves,70.41822000000019,Aves
Cultervirus,EBLL-Cultervirus.0-Muridae,70.20250000000021,Mammalia
Orthobornavirus,EBLN-Orthobornavirus.72-ChrAsi,69.91125000000022,Mammalia
Avihepadnavirus,ehbv-avi.13-paleognathae-con,65.07832000000019,Aves
Avihepadnavirus,ehbv-avi.21-paleognathae-con,65.07832000000019,Aves
Protoparvovirus,epv-proto.154-Phascolarctos,63.00000000000023,Mammalia
Carbovirus,EBLL-Carbovirus.6-Marsupialia,63.00000000000023,Mammalia
Orthobornavirus,EBLL-Orthobornavirus.8-Marsupialia,63.00000000000023,Mammalia
Filoviridae,efln-filo.69-diprotodontia-con,63.00000000000023,Mammalia
Carbovirus,EBLN-Carbovirus.39-Afrotheria,60.775000000000205,Mammalia
Carbovirus,EBLN-Carbovirus.51-Afrotheria,60.775000000000205,Mammalia
Orthobornavirus,EBLL-Orthobornavirus.40-TriMan,60.775000000000205,Mammalia
Orthobornavirus,EBLN-Orthobornavirus.31-Afrotheria,60.775000000000205,Mammalia
Orthobornavirus,EBLN-Orthobornavirus.54-Afrotheria,60.775000000000205,Mammalia
Orthobornavirus,EBLN-Orthobornavirus.62-Afrotheria,60.775000000000205,Mammalia
Orthobornavirus,EBLN-Orthobornavirus.64-Afrotheria,60.775000000000205,Mammalia
Orthobornavirus,EBLN-Orthobornavirus.67-Afrotheria,60.775000000000205,Mammalia
Protoparvovirus,epv-proto.152-Sarcophilus,60.77164000000022,Mammalia
Protoparvovirus,epv-proto.153-Macropus,60.77164000000022,Mammalia
Protoparvovirus,epv-proto.163-Phascolarctos,60.77164000000022,Mammalia
Orthobornavirus,EBLL-Orthobornavirus.4-SarHar,60.77164000000022,Mammalia
Circovirus,ecv-circo.257-Carnivora,55.36164000000025,Mammalia
Circovirus,ecv-circo.51-Carnivore-con,55.36164000000025,Mammalia
Carbovirus,EBLN-Carbovirus.23-Passeriformes,54.503830000000164,Aves
Orthobornavirus,EBLN-Orthobornavirus.79-PelSin,53.79000000000025,Reptile
Protoparvovirus,epv-proto.150.Gymnobelideus,52.640000000000214,Mammalia
Carbovirus,EBLN-Carbovirus.77-Marsupialia,52.640000000000214,Mammalia
Cultervirus,EBLG-Cultervirus.25-PhaCin,52.640000000000214,Mammalia
Filoviridae,efln-filo.13-Diprodontia,52.640000000000214,Mammalia
Filoviridae,efln-filo.17-Phascolarctos_cinereus,52.640000000000214,Mammalia
Filoviridae,eflp-filo.8-Diprotodontia,52.640000000000214,Mammalia
Bornaviridae,ebln-borna.101-Zapus_hudsonius,52.60000000000025,Mammalia
Dependoparvovirus,epv-dependo.26-strepsirrhini,52.477600000000166,Mammalia
Circovirus,ecv-circo.206-sinocyclocheilus-con,51.72444000000024,Actinopteri
Carbovirus,EBLL-Carbovirus.2-Chiroptera,51.31415000000027,Mammalia
Carbovirus,EBLL-Carbovirus.35-Chiroptera,51.31415000000027,Mammalia
Carbovirus,EBLN-Carbovirus.37-DesRot,51.31415000000027,Mammalia
Carbovirus,EBLN-Carbovirus.59-Microchiroptera,51.31415000000027,Mammalia
Dependoparvovirus,epv-dependo.3-lagomorpha,50.74004000000025,Mammalia
Herpetohepadnavirus,ehbv-herpeto.3-crocodilia,50.62287000000026,Reptile
Protoparvovirus,epv-proto.157-Gymnobelideus,48.05500000000018,Mammalia
Orthobornavirus,EBLN-Orthobornavirus.71-NumMel,46.336280000000215,Aves
Orthobornavirus,EBLN-Orthobornavirus.61-Chiroptera,45.30066000000022,Mammalia
Cultervirus,EBLN-Cultervirus.97-NanGal,43.50598000000025,Mammalia
Carbovirus,EBLN-Carbovirus.1-Primates,42.900000000000205,Mammalia
Carbovirus,EBLN-Carbovirus.6-Primates,42.900000000000205,Mammalia
Carbovirus,EBLN-Carbovirus.7-Primates,42.900000000000205,Mammalia
Cultervirus,EBLG-Cultervirus.3-Haplorhini,42.900000000000205,Mammalia
Cultervirus,EBLN-Cultervirus.20-Primates,42.900000000000205,Mammalia
Cultervirus,EBLN-Cultervirus.6-Primates,42.900000000000205,Mammalia
Cultervirus,EBLN-Cultervirus.7-Primates,42.900000000000205,Mammalia
Orthobornavirus,EBLN-Orthobornavirus.3-Primates,42.900000000000205,Mammalia
Orthobornavirus,EBLN-Orthobornavirus.4-Primates,42.900000000000205,Mammalia
Carbovirus,EBLN-Carbovirus.09-DesRot,42.40000000000032,Mammalia
Carbovirus,EBLN-Carbovirus.13-DesRot,42.40000000000032,Mammalia
Avihepadnavirus,ehbv-avi.23-psittaciformes,42.37691000000018,Aves
Avihepadnavirus,ehbv-avi.46-psittaciformes,42.37691000000018,Aves
Avihepadnavirus,ehbv-avi.32-tinamiformes-con,42.132300000000214,Aves
Dependoparvovirus,epv-dependo.47-Chinchilla_lanigera,40.93154000000027,Mammalia
Dependoparvovirus,epv-dependo.53-cavia,40.93154000000027,Mammalia
Cultervirus,EBLG-Cultervirus.5-RodentsSA,40.93154000000027,Mammalia
Cultervirus,EBLL-Cultervirus.2-HetGla,40.93154000000027,Mammalia
Cultervirus,EBLL-Cultervirus.5-Rodents,40.93154000000027,Mammalia
Carbovirus,EBLN-Carbovirus.80-OtoGar,39.03930000000014,Mammalia
Carbovirus,EBLN-Carbovirus.83-OtoGar,39.03930000000014,Mammalia
Cultervirus,EBLG-Cultervirus.0-OtoGar,39.03930000000014,Mammalia
Cultervirus,EBLG-Cultervirus.2-OtoGar,39.03930000000014,Mammalia
Cultervirus,EBLG-Cultervirus.6-OtoGar,39.03930000000014,Mammalia
Cultervirus,EBLN-Cultervirus.75-OtoGar,39.03930000000014,Mammalia
Herpetohepadnavirus,ehbv-herpeto.1-serpentes,38.189700000000244,Reptile
Herpetohepadnavirus,ehbv-herpeto.8-serpentes-con,38.189700000000244,Reptile
Circovirus,ecv-circo.105-Serpentes,38.189700000000244,Reptile
Circovirus,ecv-circo.251-Snakes,38.189700000000244,Reptile
Amdoparvovirus,epv-amdo.101-ProMuc,38.189700000000244,Reptile
Ichthamaparvovirus,epv-ichthama.2-serpentes,38.189700000000244,Reptile
Ichthamaparvovirus,epv-ichthama.2-serpentesUR,37.846920000000296,Reptile
Dependoparvovirus,epv-dependo.86-Phyllostomidae,37.50000000000034,Mammalia
Orthobornavirus,EBLM-Orthobornavirus.15-DesRot,37.50000000000034,Mammalia
Orthobornavirus,EBLN-Orthobornavirus.6-DesRot,37.50000000000034,Mammalia
Dependoparvovirus,epv-dependo.366-passeriformes,35.64120000000014,Aves
Dependoparvovirus,epv-dependo.46-gliridae,35.205000000000155,Mammalia
Protoparvovirus,epv-proto.108-Dinomys,35.180100000000266,Mammalia
Protoparvovirus,epv-proto.139-Myocastor,35.180100000000266,Mammalia
Cultervirus,EBLL-Cultervirus.24-ChiLan,35.180100000000266,Mammalia
Cultervirus,EBLL-Cultervirus.25-ChiLan,35.180100000000266,Mammalia
Filoviridae,efln-filo.25-rodent-sa,35.180100000000266,Mammalia
Dependoparvovirus,epv-dependo.37-rhinolophus,35.10000000000025,Mammalia
Dependoparvovirus,epv-dependo.180-Phascolarctos_cinereus,34.87318000000016,Mammalia
Carbovirus,EBLL-Carbovirus.41-PhaCin,34.87318000000016,Mammalia
Cultervirus,EBLG-Cultervirus.26-PhaCin,34.87318000000016,Mammalia
Cultervirus,EBLG-Cultervirus.27-PhaCin,34.87318000000016,Mammalia
Avihepadnavirus,ehbv-avi.12-anseriformes-con,34.338340000000244,Aves
Avihepadnavirus,ehbv-avi.30-anseridae-con,34.338340000000244,Aves
Filoviridae,efln-filo.3-dipodidae-con,33.69000000000028,Mammalia
Circovirus,ecv-circo.105-Serpentes-con,33.621500000000196,Reptile
Cultervirus,ebll-culter.129-Erethizon_dorsatum,32.582490000000234,Mammalia
Avihepadnavirus,ehbv-avi.26-psittaciformes,32.359280000000126,Aves
Avihepadnavirus,ehbv-avi.39-ara,32.359280000000126,Aves
Avihepadnavirus,ehbv-avi.41-psittaciformes,32.359280000000126,Aves
Avihepadnavirus,ehbv-avi.45-ara,32.359280000000126,Aves
Avihepadnavirus,ehbv-avi.49-psittaciformes,32.359280000000126,Aves
Avihepadnavirus,ehbv-avi.52-melopsittacus,32.359280000000126,Aves
Avihepadnavirus,ehbv-avi.65-Amazona,32.359280000000126,Aves
Avihepadnavirus,ehbv-avi.67-pscittaciformes,32.359280000000126,Aves
Avihepadnavirus,ehbv-avi.82-pscittaciformes,32.359280000000126,Aves
Dependoparvovirus,epv-dependo.81-Phyllostomus_discolor,32.2950000000003,Mammalia
Protoparvovirus,epv-proto.177-Trichechus,32.188200000000165,Mammalia
Carbovirus,EBLL-Carbovirus.38-TriMan,32.188200000000165,Mammalia
Carbovirus,EBLN-Carbovirus.53-Afrotheria,32.188200000000165,Mammalia
Carbovirus,EBLN-Carbovirus.63-Afrotheria,32.188200000000165,Mammalia
Filoviridae,efln-filo.1-bathyergidae,32.146280000000274,Mammalia
Herpetohepadnavirus,ehbv-herpeto.2-serpentes-con,31.785170000000335,Reptile
Carbovirus,EBLN-Carbovirus.69-EchTel,29.176380000000222,Mammalia
Protoparvovirus,epv-proto.101-Didelphidae,29.14096000000029,Mammalia
Carbovirus,EBLG-Carbovirus.7-MonDom,29.14096000000029,Mammalia
Orthobornavirus,EBLN-Orthobornavirus.69-MonDom,29.14096000000029,Mammalia
Filoviridae,efln-filo.11-Monodelphis_domestica,29.14096000000029,Mammalia
Carbovirus,EBLN-Carbovirus.22-Primates,28.820000000000164,Mammalia
Orthobornavirus,EBLG-Orthobornavirus.1-Primates,28.820000000000164,Mammalia
Avihepadnavirus,ehbv-avi.87-Sceloporus_undulatus,28.75711000000024,Reptile
Circovirus,ecv-circo.106-Scleroporus,28.75711000000024,Reptile
Dependoparvovirus,epv-dependo.2-vespertilionidae,28.7565400000002,Mammalia
Cultervirus,EBLL-Cultervirus.10-Chiroptera,28.7565400000002,Mammalia
Cultervirus,EBLL-Cultervirus.29-EptFus,28.7565400000002,Mammalia
Cultervirus,EBLL-Cultervirus.3-Myotis,28.7565400000002,Mammalia
Cultervirus,EBLL-Cultervirus.30-EptFus,28.7565400000002,Mammalia
Cultervirus,EBLL-Cultervirus.36-Chiroptera,28.7565400000002,Mammalia
Cultervirus,EBLM-Cultervirus.2-Myotis,28.7565400000002,Mammalia
Cultervirus,EBLN-Cultervirus.31-EptFus,28.7565400000002,Mammalia
Cultervirus,EBLN-Cultervirus.36-Chiroptera,28.7565400000002,Mammalia
Cultervirus,EBLN-Cultervirus.38-Chiroptera,28.7565400000002,Mammalia
Filoviridae,efnl-filo.27-Chiroptera,28.7565400000002,Mammalia
Metahepadnavirus,ehbv-meta.2-varanus,28.21974000000023,Reptile
Circovirus,ecv-circo.152-bufo,28.046660000000315,Amphibia
Dependoparvovirus,epv-dependo.185-Pteropus_alecto,27.92558000000031,Mammalia
Avihepadnavirus,ehbv-avi.9-melopsittacus,27.70788000000016,Aves
Cultervirus,EBLG-Cultervirus.20-EptFus,27.45244000000025,Mammalia
Cultervirus,EBLN-Cultervirus.11-EptFus,27.45244000000025,Mammalia
Cultervirus,EBLN-Cultervirus.17-EptFus,27.45244000000025,Mammalia
Cultervirus,EBLN-Cultervirus.60-EptFus,27.45244000000025,Mammalia
Filoviridae,efnl-filo.28-Chiroptera,26.756200000000263,Mammalia
Cultervirus,EBLL-Cultervirus.36-Myotis,26.743660000000204,Mammalia
Orthobornavirus,EBLN-Orthobornavirus.38-Chiroptera,26.743660000000204,Mammalia
Dependoparvovirus,epv-dependo.222-Dicerorhinus,26.60000000000025,Mammalia
Dependoparvovirus,epv-dependo.5-rhinocerotidae,26.60000000000025,Mammalia
Avihepadnavirus,ehbv-avi.66-pscittaciformes,26.39086000000009,Aves
Avihepadnavirus,ehbv-avi.83-Ara_macao,26.39086000000009,Aves
Circovirus,ecv-circo.2-psittaciformes,26.39086000000009,Aves
Filoviridae,efln-filo.4-cricetidae-con,26.172380000000203,Mammalia
Filoviridae,efln-filo.7-acomys-con,26.172380000000203,Mammalia
Protoparvovirus,epv-proto.155-Gymnobelideus,25.95000000000016,Mammalia
Protoparvovirus,epv-proto.162-Gymnobelideus,25.95000000000016,Mammalia
Bornaviridae,ebln-borna.107-Petaurus_breviceps,25.95000000000016,Mammalia
Filoviridae,efln-filo.62-diprotodontia,25.95000000000016,Mammalia
Filoviridae,efln-filo.65-diprotodontia,25.95000000000016,Mammalia
Filoviridae,efln-filo.66-diprotodontia,25.95000000000016,Mammalia
Filoviridae,efln-filo.67-diprotodontia,25.95000000000016,Mammalia
X2,EFV-X2.5-Phycis-con,25.810000000000173,Actinopteri
Avihepadnavirus,ehbv-avi.37-phylloscopus,25.49572000000012,Aves
Dependoparvovirus,epv-dependo.365-passeriformes,25.49572000000012,Aves
Avihepadnavirus,ehbv-avi.3-passeriformes,24.198920000000044,Aves
Avihepadnavirus,ehbv-avi.4-passeriformes,24.198920000000044,Aves
Avihepadnavirus,ehbv-avi.5-passeriformes-unranked,24.198920000000044,Aves
Avihepadnavirus,ehbv-avi.62-Hemignathus_virens,24.198920000000044,Aves
Avihepadnavirus,ehbv-avi.63-Erythrura_gouldiae,24.198920000000044,Aves
Avihepadnavirus,ehbv-avi.64-Erythrura_gouldiae,24.198920000000044,Aves
Avihepadnavirus,ehbv-avi.7-passeriformes,24.198920000000044,Aves
Circovirus,ecv-circo.1-passeriformes-con,24.198920000000044,Aves
Dependoparvovirus,epv-dependo.23-camelidae,20.91703000000018,Mammalia
Avihepadnavirus,ehbv-avi.42-passeriformes-con,20.770690000000172,Aves
Avihepadnavirus,ehbv-avi.80-Manacus_vitellinus,20.770690000000172,Aves
Orthobornavirus,EBLN-Orthobornavirus.30-AotNan,20.70000000000016,Mammalia
Orthobornavirus,EBLN-Orthobornavirus.32-Primates,20.70000000000016,Mammalia
Orthobornavirus,EBLN-Orthobornavirus.33-NWMonkeys,20.70000000000016,Mammalia
Avihepadnavirus,ehbv-avi.59-Grus_japonensis,20.420860000000175,Aves
Circovirus,ecv-circo.238-Sinocyclocheilus_grahami,19.615180000000237,Actinopteri
Dependoparvovirus,epv-dependo.134-Peromyscus_maniculatus,18.550000000000182,Mammalia
Filoviridae,eflh-filo.1-Cricetidae,18.550000000000182,Mammalia
Filoviridae,efln-filo.10-Cricetidae,18.550000000000182,Mammalia
Filoviridae,efln-filo.26-Cricetidae,18.550000000000182,Mammalia
Filoviridae,eflp-filo.2-Cricetidae,18.550000000000182,Mammalia
Protoparvovirus,epv-proto.167-Hydrochoerus,18.381350000000225,Mammalia
Bornaviridae,ebln-borna.109-Hydrochoerus_hydrochaeris,18.381350000000225,Mammalia
Cultervirus,EBLL-Cultervirus.7-Myotis,18.241280000000188,Mammalia
Cultervirus,EBLM-Cultervirus.4-Myotis,18.241280000000188,Mammalia
Cultervirus,EBLN-Cultervirus.44-Myotis,18.241280000000188,Mammalia
Filoviridae,efln-filo.21-vespertilionidae-con,18.241280000000188,Mammalia
Filoviridae,efln-filo.30-Vespertilionidae,18.241280000000188,Mammalia
Carbovirus,EBLL-Carbovirus.42-SarHar,18.035500000000184,Mammalia
Carbovirus,EBLL-Carbovirus.43-SarHar,18.035500000000184,Mammalia
Carbovirus,EBLL-Carbovirus.44-SarHar,18.035500000000184,Mammalia
Carbovirus,EBLL-Carbovirus.45-SarHar,18.035500000000184,Mammalia
Carbovirus,EBLN-Carbovirus.73-Marsupialia,18.035500000000184,Mammalia
Cultervirus,EBLN-Cultervirus.76-SarHar,18.035500000000184,Mammalia
Filoviridae,efln-filo.32-Cricetidae,17.901880000000233,Mammalia
Carbovirus,EBLN-Carbovirus.2-Primates,17.75500000000011,Mammalia
Herpetohepadnavirus,ehbv-herpeto.7-serpentes-con,17.642900000000395,Reptile
Filoviridae,efln-filo.34-Cricetidae,17.133140000000253,Mammalia
Filoviridae,efln-filo.38-Cricetidae,17.133140000000253,Mammalia
Cultervirus,EBLG-Cultervirus.4-OtoGar,16.571600000000103,Mammalia
Cultervirus,EBLN-Cultervirus.81-OtoGar,16.571600000000103,Mammalia
Circovirus,ecv-circo.56-manis-con,16.400000000000205,Mammalia
Orthobornavirus,EBLN-Orthobornavirus.29-Muridae,16.18420000000026,Mammalia
Circovirus,ecv-circo.218-Amphiprion_percula,15.341640000000098,Actinopteri
Circovirus,ecv-circo.240-Amphiprion_frenatus,15.341640000000098,Actinopteri
Orthobornavirus,EBLN-Orthobornavirus.8-EptFus,14.25336000000027,Mammalia
Amdoparvovirus,epv-amdo.102-Heterohyrax_brucei,14.055650000000242,Mammalia
Filoviridae,efln-filo.36-Cricetidae,13.438960000000293,Mammalia
Cultervirus,EBLN-Cultervirus.12-MyoDav,13.244900000000143,Mammalia
Filoviridae,efln-filo.41-Pilosa,12.95000000000016,Mammalia
Avihepadnavirus,ehbv-avi.6-passeriformes,12.47068999999999,Aves
Dependoparvovirus,epv-dependo.83-Gerbillina,12.444580000000315,Mammalia
Carbovirus,EBLN-Carbovirus.57-MacFas,12.327160000000163,Mammalia
Circovirus,ecv-circo.50-Canid,12.244140000000243,Mammalia
Dependoparvovirus,epv-dependo.16-canid,12.244140000000243,Mammalia
Chuvirus,ecll-chu.23-Poecilia_formosa,11.92458000000022,Actinopteri
Filoviridae,efln-filo.20-peromyscus,11.699480000000221,Mammalia
Bornaviridae,ebln-borna.100-Acomys,10.684720000000311,Mammalia
Filoviridae,efln-filo.35-Acomys,10.684720000000311,Mammalia
Filoviridae,eflp-filo.7-Acomys,10.684720000000311,Mammalia
Filoviridae,efln-filo.33-Cricetidae,10.48566000000028,Mammalia
Filoviridae,efln-filo.37-Cricetidae,10.180700000000229,Mammalia
Orthobornavirus,EBLN-Orthobornavirus.25-Muridae,10.052240000000324,Mammalia
Circovirus,ecv-circo.90-Dasyuridae,9.440000000000168,Mammalia
Cultervirus,EBLN-Cultervirus.85-MerUng,9.346800000000258,Mammalia
Carbovirus,EBLL-Carbovirus.4-DipOrd,9.270550000000298,Mammalia
Carbovirus,EBLN-Carbovirus.93-DipOrd,9.270550000000298,Mammalia
Cultervirus,EBLN-Cultervirus.90-DipOrd,9.270550000000298,Mammalia
Filoviridae,efln-filo.8-Dipodomys,9.270550000000298,Mammalia
Dependoparvovirus,epv-dependo.6-elephas,8.439700000000244,Mammalia
Carbovirus,EBLN-Carbovirus.54-LoxAfr,8.439700000000244,Mammalia
Dependoparvovirus,epv-dependo.13-cercopithecidae,7.500000000000227,Mammalia
Dependoparvovirus,epv-dependo.14-cercopithecidae,7.500000000000227,Mammalia
Dependoparvovirus,epv-dependo.65-Mus_spretus,7.2019200000004275,Mammalia
Dependoparvovirus,epv-dependo.77-Mus,7.2019200000004275,Mammalia
Dependoparvovirus,epv-dependo.79-Mus_con,7.2019200000004275,Mammalia
Avihepadnavirus,ehbv-avi.84-Amazona_aestiva,7.058940000000121,Aves
Dependoparvovirus,epv-dependo.80-Praomyini,6.940920000000347,Mammalia
Cultervirus,EBLN-Cultervirus.94-DipOrd,6.700000000000273,Mammalia
Orthobornavirus,EBLM-Orthobornavirus.1-Primates,5.300000000000182,Mammalia
Parvovirinae,epv-parvovirinae.10-Takifugu,4.769560000000183,Actinopteri
Parvovirinae,epv-parvovirinae.2-Takifugu,4.769560000000183,Actinopteri
X2,EFV-X2.4-Takifugu-con,4.769560000000183,Actinopteri
Cultervirus,EBLG-Cultervirus.8-TakRub,4.769560000000183,Actinopteri
Dependoparvovirus,epv-dependo.54-cavia,4.333580000000211,Mammalia
Dependoparvovirus,epv-dependo.56-cavia,4.333580000000211,Mammalia
Cultervirus,ebll-culter.131-Hystrix_cristata,3.5814100000002327,Mammalia
Protoparvovirus,epv-proto.122-Cavia,1.6362000000002581,Mammalia
Orthobornavirus,EBLN-Orthobornavirus.92-CavPor,1.6362000000002581,Mammalia
Dependoparvovirus,epv-dependo.27-eulemur,1.3100000000001728,Mammalia
Circovirus,ecv-circo.243-Phylloscopus,1.2000000000001592,Aves
Dependoparvovirus,epv-dependo.375-Ardeotis_arabs,0.9000000000002046,Aves
Avihepadnavirus,ehbv-avi.10-melopsittacus,0,Aves
Avihepadnavirus,ehbv-avi.11-tyto,0,Aves
Avihepadnavirus,ehbv-avi.16-turaco,0,Aves
Avihepadnavirus,ehbv-avi.18-calypte,0,Aves
Avihepadnavirus,ehbv-avi.19-buceros,0,Aves
Avihepadnavirus,ehbv-avi.24-apaloderma,0,Aves
Avihepadnavirus,ehbv-avi.25-chaetura,0,Aves
Avihepadnavirus,ehbv-avi.28-alauda,0,Aves
Avihepadnavirus,ehbv-avi.29-psittacula,0,Aves
Avihepadnavirus,ehbv-avi.35-calypte,0,Aves
Avihepadnavirus,ehbv-avi.38-passeriformes,0,Aves
Avihepadnavirus,ehbv-avi.44-antrostomus,0,Aves
Avihepadnavirus,ehbv-avi.48-podiceps,0,Aves
Avihepadnavirus,ehbv-avi.55-Columba_livia,0,Aves
Avihepadnavirus,ehbv-avi.56-Merops_nubicus,0,Aves
Avihepadnavirus,ehbv-avi.57-Cuculus_canorus,0,Aves
Avihepadnavirus,ehbv-avi.57-Opisthocomus_hoazin,0,Aves
Avihepadnavirus,ehbv-avi.58-Eurypyga_helias,0,Aves
Avihepadnavirus,ehbv-avi.60-Tauraco_erythrolophus,0,Aves
Avihepadnavirus,ehbv-avi.66-Suliformes,0,Aves
Avihepadnavirus,ehbv-avi.81-Melopsittacus_undulatus,0,Aves
Avihepadnavirus,ehbv-avi.85-Psittacula_krameri,0,Aves
Avihepadnavirus,ehbv-avi.86-Sceloporus_undulatus,0,Reptile
Hepadnaviridae,ehbv-hepadnaviridae.1-Callorhinchus,0,Chondrichthyes
Herpetohepadnavirus,ehbv-herpeto.10-EleCoq,0,Amphibia
Herpetohepadnavirus,ehbv-herpeto.4-crocodilia,0,Reptile
Herpetohepadnavirus,ehbv-herpeto.6-varanus,0,Reptile
Metahepadnavirus,ehbv-meta.3-paroedura,0,Reptile
Metahepadnavirus,ehbv-meta.4-pelusios,0,Reptile
Metahepadnavirus,ehbv-meta.5-pelusios,0,Reptile
Circoviridae,ecv-cress.1.1-Eptatretus_burgeri,0,Agnatha
Circoviridae,ecv-cress.1.2-Eptatretus_burgeri,0,Agnatha
Circoviridae,ecv-cress.1.4-Eptatretus_burgeri,0,Agnatha
Circoviridae,ecv-cress.1.5-Eptatretus_burgeri,0,Agnatha
Circoviridae,ecv-cress.1.6-Eptatretus_burgeri,0,Agnatha
Circoviridae,ecv-cress.1.7-Eptatretus_burgeri,0,Agnatha
Circovirus,ecv-circo.207-parambassis-ranga,0,Actinopteri
Circovirus,ecv-circo.207-pygocentrus,0,Actinopteri
Circovirus,ecv-circo.208-chaenocephalus,0,Actinopteri
Circovirus,ecv-circo.208-Salmo-con,0,Actinopteri
Circovirus,ecv-circo.209-Clupea,0,Actinopteri
Circovirus,ecv-circo.210-Labeo,0,Actinopteri
Circovirus,ecv-circo.211-Pomacentridae,0,Actinopteri
Circovirus,ecv-circo.212-Kryptolebias-con,0,Actinopteri
Circovirus,ecv-circo.213-Cyprinus-con,0,Actinopteri
Circovirus,ecv-circo.214-Neolamprologus-con,0,Actinopteri
Circovirus,ecv-circo.215-Paramormyrops_kingsleyae,0,Actinopteri
Circovirus,ecv-circo.216-Paramormyrops_kingsleyae,0,Actinopteri
Circovirus,ecv-circo.217-Labeo_rohita,0,Actinopteri
Circovirus,ecv-circo.219-Astyanax_mexicanus,0,Actinopteri
Circovirus,ecv-circo.220-Astyanax_mexicanus,0,Actinopteri
Circovirus,ecv-circo.233-Guentherus_altivela,0,Actinopteri
Circovirus,ecv-circo.235-Cirrhinus_molitorella,0,Actinopteri
Circovirus,ecv-circo.236-Cyprinus_carpio,0,Actinopteri
Circovirus,ecv-circo.237-Labeo_rohita,0,Actinopteri
Circovirus,ecv-circo.239-Perca_fluviatilis,0,Actinopteri
Circovirus,ecv-circo.239-Rondeletia_loricata,0,Actinopteri
Circovirus,ecv-circo.240-anguilla,0,Actinopteri
Circovirus,ecv-circo.252-Chromis_chromis,0,Actinopteri
Circovirus,ecv-circo.258-Salmo_salar,0,Actinopteri
Circovirus,ecv-circo.259-Cyprinus_carpio,0,Actinopteri
Circovirus,ecv-circo.260-Stylephorus_chordatus,0,Actinopteri
Circovirus,ecv-circo.261-Chromis_chromis,0,Actinopteri
Circovirus,ecv-circo.262-Bregmaceros_cantori,0,Actinopteri
Circovirus,ecv-circo.263-Labeo_rohita,0,Actinopteri
Circovirus,ecv-circo.61-micropterus,0,Actinopteri
Circovirus,ecv-circo.13-Cynops_pyrrhogaster,0,Amphibia
Circovirus,ecv-circo.15-Glandirana,0,Amphibia
Circovirus,ecv-circo.151-Anura-con,0,Amphibia
Circovirus,ecv-circo.152-Xenopus,0,Amphibia
Circovirus,ecv-circo.153-Geotrypetes,0,Amphibia
Circovirus,ecv-circo.16-Rhinella,0,Amphibia
Circovirus,ecv-circo.17-Geotrypetes,0,Amphibia
Circovirus,ecv-circo.221-Microcaecilia_unicolor,0,Amphibia
Circovirus,ecv-circo.222-Rana_temporaria,0,Amphibia
Circovirus,ecv-circo.223-Rana_temporaria,0,Amphibia
Circovirus,ecv-circo.224-Engystomops_pustulosus,0,Amphibia
Circovirus,ecv-circo.225-Geotrypetes_seraphini,0,Amphibia
Circovirus,ecv-circo.226-Geotrypetes_seraphini,0,Amphibia
Circovirus,ecv-circo.227-Geotrypetes_seraphini,0,Amphibia
Circovirus,ecv-circo.228-Geotrypetes_seraphini,0,Amphibia
Circovirus,ecv-circo.229-Microcaecilia_unicolor,0,Amphibia
Circovirus,ecv-circo.230-Microcaecilia_unicolor,0,Amphibia
Circovirus,ecv-circo.231-Microcaecilia_unicolor,0,Amphibia
Circovirus,ecv-circo.232-Microcaecilia_unicolor,0,Amphibia
Circovirus,ecv-circo.10-Pionus_senilis,0,Aves
Circovirus,ecv-circo.12-Nestor,0,Aves
Circovirus,ecv-circo.12-serinus,0,Aves
Circovirus,ecv-circo.14-Tinamus_guttatus,0,Aves
Circovirus,ecv-circo.2-psittaciformes-con,0,Aves
Circovirus,ecv-circo.4-tinamou,0,Aves
Circovirus,ecv-circo.4-tinamou-con,0,Aves
Circovirus,ecv-circo.7-Egretta,0,Aves
Circovirus,ecv-circo.212-Hylomyscus_alleni,0,Mammalia
Circovirus,ecv-circo.244-Chrysochloris_asiatica,0,Mammalia
Circovirus,ecv-circo.245-Nannospalax_galili,0,Mammalia
Circovirus,ecv-circo.246-Rhizomys_pruinosus,0,Mammalia
Circovirus,ecv-circo.247-Rhizomys_pruinosus,0,Mammalia
Circovirus,ecv-circo.253-Paradoxurus_hermaphroditus,0,Mammalia
Circovirus,ecv-circo.254-Tachyglossus_aculeatus,0,Mammalia
Circovirus,ecv-circo.255-Tachyglossus_aculeatus,0,Mammalia
Circovirus,ecv-circo.52-chrysochloris,0,Mammalia
Circovirus,ecv-circo.53-Mus_caroli,0,Mammalia
Circovirus,ecv-circo.54.2-Sanguinus,0,Mammalia
Circovirus,ecv-circo.57-Galeopterus,0,Mammalia
Circovirus,ecv-circo.58-Crocidura,0,Mammalia
Circovirus,ecv-circo.59-Choloepus,0,Mammalia
Circovirus,ecv-circo.60-microgale,0,Mammalia
Circovirus,ecv-circo.62-Heterocephalus,0,Mammalia
Circovirus,ecv-circo.63-pedetes,0,Mammalia
Circovirus,ecv-circo.91-phascolarctos,0,Mammalia
Circovirus,ecv-circo.92-monodelphis,0,Mammalia
Circovirus,ecv-circo.104-salvator,0,Reptile
Circovirus,ecv-circo.18-Sceloporus,0,Reptile
Circovirus,ecv-circo.210-Dermochelys_coriacea,0,Reptile
Circovirus,ecv-circo.218-Charina_bottae,0,Reptile
Circovirus,ecv-circo.222-Anilios,0,Reptile
Circovirus,ecv-circo.241-Elgaria_multicarinata,0,Reptile
Circovirus,ecv-circo.242-Elgaria_multicarinata,0,Reptile
Circovirus,ecv-circo.249-Python_bivittatus,0,Reptile
Circovirus,ecv-circo.250-Anilios_bituberculatus,0,Reptile
Circovirus,ecv-circo.256-Shinisaurus_crocodilurus,0,Reptile
Circovirus,ecv-circo.258-Azemiops_feae,0,Reptile
Amdoparvovirus,epv-amdo.1-EllLut,0,Mammalia
Amdoparvovirus,epv-amdo.2-EllLut,0,Mammalia
Amdoparvovirus,epv-amdo.105-Ptyas_mucosa,0,Reptile
Dependoparvovirus,epv-dependo.400-Ranitomeya_imitator,0,Amphibia
Dependoparvovirus,epv-dependo.374-Pterocles_gutturalis,0,Aves
Dependoparvovirus,epv-dependo.376-Pelecanus_crispus,0,Aves
Dependoparvovirus,epv-dependo.377-Limosa_lapponica,0,Aves
Dependoparvovirus,epv-dependo.378-Acanthisitta_chloris,0,Aves
Dependoparvovirus,epv-dependo.0-macropus,0,Mammalia
Dependoparvovirus,epv-dependo.12-orycteropus,0,Mammalia
Dependoparvovirus,epv-dependo.120-Micronycteris_hirsuta,0,Mammalia
Dependoparvovirus,epv-dependo.121-Apodemus_sylvaticus,0,Mammalia
Dependoparvovirus,epv-dependo.122-Castor_canadensis,0,Mammalia
Dependoparvovirus,epv-dependo.124-Cavia_tschudii,0,Mammalia
Dependoparvovirus,epv-dependo.125-Chinchilla_lanigera,0,Mammalia
Dependoparvovirus,epv-dependo.126-Cricetulus_griseus,0,Mammalia
Dependoparvovirus,epv-dependo.127-Cricetulus_griseus,0,Mammalia
Dependoparvovirus,epv-dependo.128-Dolichotis_patagonum,0,Mammalia
Dependoparvovirus,epv-dependo.129-Ctenomys_sociabilis,0,Mammalia
Dependoparvovirus,epv-dependo.130-Heterocephalus_glaber,0,Mammalia
Dependoparvovirus,epv-dependo.131-Heterocephalus_glaber,0,Mammalia
Dependoparvovirus,epv-dependo.132-Mesocricetus_auratus,0,Mammalia
Dependoparvovirus,epv-dependo.133-Muscardinus_avellanarius,0,Mammalia
Dependoparvovirus,epv-dependo.134-Mus_caroli,0,Mammalia
Dependoparvovirus,epv-dependo.134-Petromus_typicus,0,Mammalia
Dependoparvovirus,epv-dependo.15-colobus,0,Mammalia
Dependoparvovirus,epv-dependo.160-gymnobelideus,0,Mammalia
Dependoparvovirus,epv-dependo.169-Antechinus_stuartii,0,Mammalia
Dependoparvovirus,epv-dependo.170-Antechinus_stuartii,0,Mammalia
Dependoparvovirus,epv-dependo.172-Bettongia_penicillata,0,Mammalia
Dependoparvovirus,epv-dependo.173-Bettongia_penicillata,0,Mammalia
Dependoparvovirus,epv-dependo.174-PipPip,0,Mammalia
Dependoparvovirus,epv-dependo.177-Heterohyrax_brucei,0,Mammalia
Dependoparvovirus,epv-dependo.178-Procavia_capensis,0,Mammalia
Dependoparvovirus,epv-dependo.180-rhinolophus,0,Mammalia
Dependoparvovirus,epv-dependo.181-Anoura_caudifer,0,Mammalia
Dependoparvovirus,epv-dependo.182-Artibeus_jamaicensis,0,Mammalia
Dependoparvovirus,epv-dependo.184-Macrotus_californicus,0,Mammalia
Dependoparvovirus,epv-dependo.186-Pteropus_vampyrus,0,Mammalia
Dependoparvovirus,epv-dependo.187-Rhinolophus_ferrumequinum,0,Mammalia
Dependoparvovirus,epv-dependo.188-Rhinolophus_ferrumequinum,0,Mammalia
Dependoparvovirus,epv-dependo.193-Mormoops_blainvillei,0,Mammalia
Dependoparvovirus,epv-dependo.193-SarHar,0,Mammalia
Dependoparvovirus,epv-dependo.194-MacEug,0,Mammalia
Dependoparvovirus,epv-dependo.194-Mormoops_blainvillei,0,Mammalia
Dependoparvovirus,epv-dependo.195-Mormoops_blainvillei,0,Mammalia
Dependoparvovirus,epv-dependo.225-Ornithorhynchus,0,Mammalia
Dependoparvovirus,epv-dependo.226-Erethizon,0,Mammalia
Dependoparvovirus,epv-dependo.28-daubentonia,0,Mammalia
Dependoparvovirus,epv-dependo.29-Cercopithecus_neglectu,0,Mammalia
Dependoparvovirus,epv-dependo.42-chinchilla,0,Mammalia
Dependoparvovirus,epv-dependo.43-octodon,0,Mammalia
Dependoparvovirus,epv-dependo.48-Cavia_porcellus,0,Mammalia
Dependoparvovirus,epv-dependo.49-Octodon_degus,0,Mammalia
Dependoparvovirus,epv-dependo.65-Fukomys_damarensis,0,Mammalia
Dependoparvovirus,epv-dependo.66-Fukomys_damarensis,0,Mammalia
Dependoparvovirus,epv-dependo.67-GlisGlis,0,Mammalia
Dependoparvovirus,epv-dependo.78-Mus,0,Mammalia
Dependoparvovirus,epv-dependo.79-Heterocephalus_glaber,0,Mammalia
Dependoparvovirus,epv-dependo.8-dasypus,0,Mammalia
Dependoparvovirus,epv-dependo.80-Desmodus_rotundus,0,Mammalia
Dependoparvovirus,epv-dependo.87-megaderma,0,Mammalia
Dependoparvovirus,epv-dependo.88-megaderma,0,Mammalia
Dependoparvovirus,epv-dependo.9-hyracoidea,0,Mammalia
Dependoparvovirus,epv-dependo.201-thamnophis,0,Reptile
Dependoparvovirus,epv-dependo.203-gekko,0,Reptile
Dependoparvovirus,epv-dependo.204-Elgaria_multicarinata_webbii,0,Reptile
Dependoparvovirus,epv-dependo.204-Shinisaurus_crocodilurus,0,Reptile
Dependoparvovirus,epv-dependo.221-pelusios,0,Reptile
Dependoparvovirus,epv-dependo.224-Anilios,0,Reptile
Dependoparvovirus,epv-dependo.281-Anilios_bituberculatus,0,Reptile
Erythroparvovirus,epv-erythro.1-indri,0,Mammalia
Erythroparvovirus,epv-erythro.2-dolichotis,0,Mammalia
Ichthamaparvovirus,epv-ichthama.1-hippocampus,0,Actinopteri
Ichthamaparvovirus,epv-ichthama.3-hippocampus,0,Actinopteri
Parvovirinae,epv-parvovirinae.11-Hypophthalmichthys,0,Actinopteri
Parvovirinae,epv-parvovirinae.3-Tetraodon,0,Actinopteri
Parvovirinae,epv-parvovirinae.1-Scyliorhinus_torazame,0,Chondrichthyes
Parvovirinae,epv-parvovirinae.11-Scyliorhinus_torazame,0,Chondrichthyes
Parvovirinae,epv-parvovirinae.12-Scyliorhinus_torazame,0,Chondrichthyes
Parvovirinae,epv-parvovirinae.1-Latimera,0,Coelacanthiformes
Parvovirinae,epv-parvovirinae.7-bradypus,0,Mammalia
Parvovirinae,epv-parvovirinae.8-Ornithorhynchus_anatinus,0,Mammalia
Protoparvovirus,epv-proto.168-Bombina,0,Amphibia
Protoparvovirus,epv-proto.169-Geotrypetes,0,Amphibia
Protoparvovirus,epv-proto.180-Ranitomeya,0,Amphibia
Protoparvovirus,epv-proto.230-Bombina,0,Amphibia
Protoparvovirus,epv-proto.231-Bombina,0,Amphibia
Protoparvovirus,epv-proto.1-Rattus_norvegicus,0,Mammalia
Protoparvovirus,epv-proto.102-Tamandua,0,Mammalia
Protoparvovirus,epv-proto.107-Hydrochoerus,0,Mammalia
Protoparvovirus,epv-proto.121-Cavia,0,Mammalia
Protoparvovirus,epv-proto.125-Hydrochoerus,0,Mammalia
Protoparvovirus,epv-proto.127-Myocastor,0,Mammalia
Protoparvovirus,epv-proto.128-Capromys,0,Mammalia
Protoparvovirus,epv-proto.129-Dinomys,0,Mammalia
Protoparvovirus,epv-proto.130-Dinomys,0,Mammalia
Protoparvovirus,epv-proto.131-Ctenomys,0,Mammalia
Protoparvovirus,epv-proto.133-Dolichotis,0,Mammalia
Protoparvovirus,epv-proto.136-Octomys,0,Mammalia
Protoparvovirus,epv-proto.137-Hydrochoerus,0,Mammalia
Protoparvovirus,epv-proto.138-Hydrochoerus,0,Mammalia
Protoparvovirus,epv-proto.142-Cuniculus,0,Mammalia
Protoparvovirus,epv-proto.143-Cuniculus,0,Mammalia
Protoparvovirus,epv-proto.158-Macropus,0,Mammalia
Protoparvovirus,epv-proto.160-Macropus,0,Mammalia
Protoparvovirus,epv-proto.164-Macropus,0,Mammalia
Protoparvovirus,epv-proto.170-Bettongia,0,Mammalia
Protoparvovirus,epv-proto.171-Dasyprocta,0,Mammalia
Protoparvovirus,epv-proto.172-Glaucomys,0,Mammalia
Protoparvovirus,epv-proto.173-Petaurus,0,Mammalia
Protoparvovirus,epv-proto.174-Dromiciops,0,Mammalia
Protoparvovirus,epv-proto.175-Chrysochloris,0,Mammalia
Protoparvovirus,epv-proto.178-Arvicola,0,Mammalia
Protoparvovirus,epv-proto.179-Dasyprocta,0,Mammalia
Protoparvovirus,epv-proto.182-Dasyprocta,0,Mammalia
Protoparvovirus,epv-proto.183-Bettongia,0,Mammalia
Protoparvovirus,epv-proto.184-Dasyurus,0,Mammalia
Protoparvovirus,epv-proto.2-Mus_spretus,0,Mammalia
Protoparvovirus,epv-proto.221-Graphiurus_murinus,0,Mammalia
Protoparvovirus,epv-proto.222-Orycteropus_afer,0,Mammalia
Protoparvovirus,epv-proto.223-Arvicola_amphibius,0,Mammalia
Protoparvovirus,epv-proto.224-Nannospalax_galili,0,Mammalia
Protoparvovirus,epv-proto.225-Hyaena_hyaena,0,Mammalia
Protoparvovirus,epv-proto.226-Echinops_telfairi,0,Mammalia
Protoparvovirus,epv-proto.227-Petaurus,0,Mammalia
Protoparvovirus,epv-proto.228-Dasyprocta,0,Mammalia
Protoparvovirus,epv-proto.229-Dasyprocta,0,Mammalia
Protoparvovirus,epv-proto.232-Bettongia,0,Mammalia
Protoparvovirus,epv-proto.232-Dromiciops,0,Mammalia
Protoparvovirus,epv-proto.3-Apodemus_sylvaticus,0,Mammalia
Protoparvovirus,epv-proto.4-Mus_spicelagus,0,Mammalia
Protoparvovirus,epv-proto.220-Sphaerodactylus_townsendi,0,Reptile
Pestivirus,EFV-Pesti.1-Crocidurinae,0,Mammalia
Tamanavirus,EFV-Tamana.4-StyCho,0,Actinopteri
Tamanavirus,EFV-Tamana.5-AusLim,0,Actinopteri
X2,EFV-X2.1-Austrofundulus-con,0,Actinopteri
X2,EFV-X2.2-Stylephorus-con,0,Actinopteri
X2,EFV-X2.6-Mora_mora,0,Actinopteri
X2,EFV-X2.7-Brosme_brosme,0,Actinopteri
X2,EFV-X2.8-Maccullochella_peelii,0,Actinopteri
X2,EFV-X2.9-Boleophthalmus_pectinirostris,0,Actinopteri
Bornaviridae,ebln-Bornaviridae.160-Stylephorus_chordatus,0,Actinopteri
Bornaviridae,ebln-Bornaviridae.161-Nothobranchius,0,Actinopteri
Bornaviridae,ebln-Bornaviridae.162-Nothobranchius,0,Actinopteri
Bornaviridae,ebln-Bornaviridae.167-Petromyzon,0,Agnatha
Bornaviridae,ebln-Bornaviridae.156-Pipa,0,Amphibia
Bornaviridae,ebln-Bornaviridae.157-Bombina_variegata,0,Amphibia
Bornaviridae,ebln-Bornaviridae.158-Bufo,0,Amphibia
Bornaviridae,ebln-Bornaviridae.159-Ranitomeya_imitator,0,Amphibia
Bornaviridae,ebln-Bornaviridae.163-Ranitomeya,0,Amphibia
Bornaviridae,ebln-Bornaviridae.164-Ranitomeya,0,Amphibia
Bornaviridae,ebln-Bornaviridae.165-Ranitomeya,0,Amphibia
Bornaviridae,ebln-Bornaviridae.166-Ranitomeya,0,Amphibia
Bornaviridae,ebll-borna.100-Dasyprocta_punctata,0,Mammalia
Bornaviridae,ebll-borna.102-Solenodon_paradoxus,0,Mammalia
Bornaviridae,ebll-borna.103-Solenodon_paradoxus,0,Mammalia
Bornaviridae,ebll-borna.104-Solenodon_paradoxus,0,Mammalia
Bornaviridae,ebll-borna.105-Solenodon_paradoxus,0,Mammalia
Bornaviridae,ebln-borna.100-Scalopus_aquaticus,0,Mammalia
Bornaviridae,ebln-borna.100-Zapus_hudsonius,0,Mammalia
Bornaviridae,ebln-borna.101-Sromiciops_gliroides,0,Mammalia
Bornaviridae,ebln-borna.102-Zapus_hudsonius,0,Mammalia
Bornaviridae,ebln-borna.103-Acomys,0,Mammalia
Bornaviridae,ebln-borna.104-Choloepus_didactylus,0,Mammalia
Bornaviridae,ebln-borna.106-Petaurus_breviceps,0,Mammalia
Bornaviridae,ebln-borna.108-Dolichotis_patagonum,0,Mammalia
Bornaviridae,ebln-borna.110-Hylomyscus_alleni,0,Mammalia
Bornaviridae,ebll-borna.101-BotJar,0,Reptile
Bornaviridae,ebln-borna.102-Anilios_bituberculatus,0,Reptile
Bornaviridae,ebln-borna.105-Calyptommatus_sinebrachiatus,0,Reptile
Bornaviridae,ebln-borna.150-Tretioscincus_oriximinensis,0,Reptile
Bornaviridae,ebln-borna.151-Carettochelys_insculpta,0,Reptile
Bornaviridae,ebln-borna.152-Bothrops_jararaca,0,Reptile
Bornaviridae,ebln-borna.153-Bothrops_jararaca,0,Reptile
Bornaviridae,ebln-borna.154-Bothrops_jararaca,0,Reptile
Bornaviridae,ebln-borna.155-Calyptommatus_sinebrachiatu,0,Reptile
Carbovirus,EBLG-Carbovirus.4-Camelidae,0,Mammalia
Carbovirus,EBLL-Carbovirus.3-CasCan,0,Mammalia
Carbovirus,EBLL-Carbovirus.32-MyoBra,0,Mammalia
Carbovirus,EBLL-Carbovirus.37-LoxAfr,0,Mammalia
Carbovirus,EBLL-Carbovirus.39-OryAfe,0,Mammalia
Carbovirus,EBLN-Carbovirus.33-MinNat,0,Mammalia
Carbovirus,EBLN-Carbovirus.58-OryAfe,0,Mammalia
Carbovirus,EBLN-Carbovirus.61-EleEdw,0,Mammalia
Carbovirus,EBLN-Carbovirus.62-EleEdw,0,Mammalia
Carbovirus,EBLN-Carbovirus.68-EleEdw,0,Mammalia
Carbovirus,EBLN-Carbovirus.91-CasCan,0,Mammalia
Carbovirus,EBLN-Carbovirus.99-CasCan,0,Mammalia
Cultervirus,ebll-culter.120-Stylephorus_chordatus,0,Actinopteri
Cultervirus,ebll-culter.121-Stylephorus_chordatus,0,Actinopteri
Cultervirus,ebll-culter.122-Stylephorus_chordatus,0,Actinopteri
Cultervirus,ebll-culter.123-Antennarius_striatus,0,Actinopteri
Cultervirus,ebll-culter.123-Stylephorus_chordatus,0,Actinopteri
Cultervirus,ebll-culter.125-Lampris_guttatus,0,Actinopteri
Cultervirus,ebll-culter.126-Regalecus_glesne,0,Actinopteri
Cultervirus,EBLL-Cultervirus.1-OryLat,0,Actinopteri
Cultervirus,EBLL-Cultervirus.20-OryLat,0,Actinopteri
Cultervirus,EBLL-Cultervirus.21-TakRub,0,Actinopteri
Cultervirus,EBLG-Cultervirus.30-Leptobrachium_leishanense,0,Amphibia
Cultervirus,EBLG-Cultervirus.31-Leptobrachium_leishanense,0,Amphibia
Cultervirus,EBLG-Cultervirus.32-Bombina_variegata,0,Amphibia
Cultervirus,EBLG-Cultervirus.33-Leptobrachium_leishanense,0,Amphibia
Cultervirus,EBLG-Cultervirus.34-Leptobrachium_leishanense,0,Amphibia
Cultervirus,EBLG-Cultervirus.35-Pipa_carvalhoi,0,Amphibia
Cultervirus,EBLG-Cultervirus.36-Pipa_carvalhoi,0,Amphibia
Cultervirus,EBLG-Cultervirus.37-Bufo_bufo,0,Amphibia
Cultervirus,EBLG-Cultervirus.39-Pipa_carvalhoi,0,Amphibia
Cultervirus,EBLG-Cultervirus.40-Bombina_variegata,0,Amphibia
Cultervirus,EBLG-Cultervirus.41-Bufo_bufo,0,Amphibia
Cultervirus,EBLG-Cultervirus.42-Bufo_GPargarizans,0,Amphibia
Cultervirus,EBLG-Cultervirus.43-Leptobrachium_ailaonicum,0,Amphibia
Cultervirus,ebll-culter.124-Pipa_carvalhoi,0,Amphibia
Cultervirus,ebll-culter.127-Bombina_variegata,0,Amphibia
Cultervirus,ebll-culter.128-Bombina_variegata,0,Amphibia
Cultervirus,EBLL-Cultervirus.50-Leptobrachium_ailaonicum,0,Amphibia
Cultervirus,EBLL-Cultervirus.51-Bombina_variegata,0,Amphibia
Cultervirus,EBLL-Cultervirus.52-Bombina_variegata,0,Amphibia
Cultervirus,EBLL-Cultervirus.53-Bombina_variegata,0,Amphibia
Cultervirus,EBLL-Cultervirus.54-Bombina_variegata,0,Amphibia
Cultervirus,EBLL-Cultervirus.55-Bombina_variegata,0,Amphibia
Cultervirus,EBLL-Cultervirus.56-Bombina_variegata,0,Amphibia
Cultervirus,EBLL-Cultervirus.57-Ranitomeya_imitator,0,Amphibia
Cultervirus,EBLL-Cultervirus.58-Bombina_variegata,0,Amphibia
Cultervirus,EBLL-Cultervirus.59-Phrynoglossus_myanhessei,0,Amphibia
Cultervirus,EBLL-Cultervirus.60-Bombina_variegata,0,Amphibia
Cultervirus,EBLL-Cultervirus.61-Bombina_variegata,0,Amphibia
Cultervirus,EBLL-Cultervirus.62-Bombina_variegata,0,Amphibia
Cultervirus,EBLL-Cultervirus.63-Bombina_variegata,0,Amphibia
Cultervirus,EBLL-Cultervirus.64-Leptobrachium_ailaonicum,0,Amphibia
Cultervirus,EBLL-Cultervirus.65-Eleutherodactylus_coqui,0,Amphibia
Cultervirus,EBLL-Cultervirus.66-Bombina_variegata,0,Amphibia
Cultervirus,EBLL-Cultervirus.67-Bombina_variegata,0,Amphibia
Cultervirus,EBLL-Cultervirus.68-Bombina_variegata,0,Amphibia
Cultervirus,EBLM-Cultervirus.8-Bombina_variegata,0,Amphibia
Cultervirus,EBLG-Cultervirus.22-EriEur,0,Mammalia
Cultervirus,EBLG-Cultervirus.23-SorAra,0,Mammalia
Cultervirus,EBLG-Cultervirus.24-SorAra,0,Mammalia
Cultervirus,EBLG-Cultervirus.5-CasCan,0,Mammalia
Cultervirus,EBLG-Cultervirus.8-CasCan,0,Mammalia
Cultervirus,EBLG-Cultervirus.9-CavPor,0,Mammalia
Cultervirus,ebll-culter.130-Hystrix_cristata,0,Mammalia
Cultervirus,EBLL-Cultervirus.27-FukDam,0,Mammalia
Cultervirus,EBLL-Cultervirus.31-MyoDav,0,Mammalia
Cultervirus,EBLL-Cultervirus.34-MyoDav,0,Mammalia
Cultervirus,EBLM-Cultervirus.3-EptFus,0,Mammalia
Cultervirus,EBLN-Cultervirus.35-Boreoeutheria,0,Mammalia
Cultervirus,EBLN-Cultervirus.37-MyoDav,0,Mammalia
Cultervirus,EBLN-Cultervirus.39-SorAra,0,Mammalia
Cultervirus,EBLN-Cultervirus.41-SorAra,0,Mammalia
Cultervirus,EBLN-Cultervirus.45-SorAra,0,Mammalia
Cultervirus,EBLN-Cultervirus.64-EchTel,0,Mammalia
Cultervirus,EBLN-Cultervirus.67-EchTel,0,Mammalia
Cultervirus,EBLN-Cultervirus.68-MonDom,0,Mammalia
Cultervirus,EBLN-Cultervirus.74-OtoGar,0,Mammalia
Cultervirus,EBLN-Cultervirus.82-TupChi,0,Mammalia
Cultervirus,EBLN-Cultervirus.96-MerUng,0,Mammalia
Orthobornavirus,EBLL-Orthobornavirus.46-CalAnn,0,Aves
Orthobornavirus,EBLN-Orthobornavirus.81-CalAnn,0,Aves
Orthobornavirus,EBLN-Orthobornavirus.83-ChaPel,0,Aves
Orthobornavirus,EBLN-Orthobornavirus.85-CalAnn,0,Aves
Orthobornavirus,EBLL-Orthobornavirus.23-NanGal,0,Mammalia
Orthobornavirus,EBLL-Orthobornavirus.26-HetGla,0,Mammalia
Orthobornavirus,EBLM-Orthobornavirus.9-CasCan,0,Mammalia
Orthobornavirus,EBLN-Orthobornavirus.0-PerMan,0,Mammalia
Orthobornavirus,EBLN-Orthobornavirus.1-ChiLan,0,Mammalia
Orthobornavirus,EBLN-Orthobornavirus.22-MinNat,0,Mammalia
Orthobornavirus,EBLN-Orthobornavirus.26-MusMus,0,Mammalia
Orthobornavirus,EBLN-Orthobornavirus.28-Muridae,0,Mammalia
Orthobornavirus,EBLN-Orthobornavirus.42-Rodents,0,Mammalia
Orthobornavirus,EBLN-Orthobornavirus.51-ChrAsiNW006408543,0,Mammalia
Orthobornavirus,EBLN-Orthobornavirus.57-OryAfe,0,Mammalia
Orthobornavirus,EBLN-Orthobornavirus.58-MusPah,0,Mammalia
Orthobornavirus,EBLN-Orthobornavirus.60-OryAfe,0,Mammalia
Orthobornavirus,EBLN-Orthobornavirus.70-MonDom,0,Mammalia
Orthobornavirus,EBLN-Orthobornavirus.78-Mammalia,0,Mammalia
Orthobornavirus,EBLN-Orthobornavirus.86-CasCan,0,Mammalia
Orthobornavirus,EBLN-Orthobornavirus.87-CasCan,0,Mammalia
Orthobornavirus,EBLN-Orthobornavirus.84-PytBiv,0,Reptile
Chuvirus,eclg-chu.2-Cyprinodon_variegatus,0,Actinopteri
Chuvirus,eclg-chu.3-Cyprinodon_variegatus,0,Actinopteri
Chuvirus,eclg-chu.4-Gambusia_affinis,0,Actinopteri
Chuvirus,eclg-chu.5-Lampris_guttatus,0,Actinopteri
Chuvirus,eclg-chu.6-Lampris_guttatus_,0,Actinopteri
Chuvirus,eclg-chu.7-Paramormyrops_kingsleyae,0,Actinopteri
Chuvirus,eclg-chu.8-Paramormyrops_kingsleyae,0,Actinopteri
Chuvirus,ecll-chu.17-Fundulus_heteroclitus,0,Actinopteri
Chuvirus,ecll-chu.18-Gambusia_affinis,0,Actinopteri
Chuvirus,ecll-chu.19-Poecilia_reticulata,0,Actinopteri
Chuvirus,ecll-chu.22-Poecilia_latipinna,0,Actinopteri
Chuvirus,ecll-chu.24-Poecilia_formosa,0,Actinopteri
Chuvirus,ecll-chu.26-Danio_rerio,0,Actinopteri
Chuvirus,ecll-chu.27-Danio_rerio,0,Actinopteri
Chuvirus,ecll-chu.28-Danio_rerio,0,Actinopteri
Chuvirus,ecll-chu.29-Danio_rerio,0,Actinopteri
Chuvirus,ecll-chu.30-Danio_rerio,0,Actinopteri
Chuvirus,ecll-chu.31-Danio_rerio,0,Actinopteri
Chuvirus,ecll-chu.32-Danio_rerio,0,Actinopteri
Chuvirus,ecll-chu.33-Danio_rerio,0,Actinopteri
Chuvirus,ecll-chu.34-Danio_rerio,0,Actinopteri
Chuvirus,ecll-chu.38-Bregmaceros_cantori,0,Actinopteri
Chuvirus,ecll-chu.42-Bregmaceros_cantori,0,Actinopteri
Chuvirus,ecll-chu.43-Paramormyrops_kingsleyae,0,Actinopteri
Chuvirus,ecll-chu.44-Paramormyrops_kingsleyae,0,Actinopteri
Chuvirus,ecll-chu.45-Paramormyrops_kingsleyae,0,Actinopteri
Chuvirus,ecll-chu.46-Austrofundulus_limnaeus,0,Actinopteri
Chuvirus,ecln-chu.100-Gadus_morhua,0,Actinopteri
Chuvirus,ecln-chu.101-Gadus_morhua,0,Actinopteri
Chuvirus,ecln-chu.102-Gadus_morhua,0,Actinopteri
Chuvirus,ecln-chu.103-Gadus_chalcogrammus,0,Actinopteri
Chuvirus,ecln-chu.104-Gadus_chalcogrammus,0,Actinopteri
Chuvirus,ecln-chu.105-Trisopterus_minutus,0,Actinopteri
Chuvirus,ecln-chu.106-Brosme_brosme,0,Actinopteri
Chuvirus,ecln-chu.108-Coryphaenoides_rupestris,0,Actinopteri
Chuvirus,ecln-chu.109-Lampris_guttatus,0,Actinopteri
Chuvirus,ecln-chu.110-Regalecus_glesne,0,Actinopteri
Chuvirus,ecln-chu.111-Benthosema_glaciale,0,Actinopteri
Chuvirus,ecln-chu.112-Paramormyrops_kingsleyae,0,Actinopteri
Chuvirus,ecln-chu.113-Paramormyrops_kingsleyae,0,Actinopteri
Chuvirus,ecln-chu.114-Paramormyrops_kingsleyae,0,Actinopteri
Chuvirus,ecln-chu.115-Paramormyrops_kingsleyae,0,Actinopteri
Chuvirus,ecln-chu.116-Paralichthys_olivaceus,0,Actinopteri
Chuvirus,ecln-chu.117-Pseudopleuronectes_yokohamae,0,Actinopteri
Chuvirus,ecln-chu.118-Stylephorus_chordatus,0,Actinopteri
Chuvirus,ecln-chu.119-Stylephorus_chordatus,0,Actinopteri
Chuvirus,ecln-chu.120-Monopterus_albus,0,Actinopteri
Chuvirus,ecln-chu.121-Dicentrarchus_labrax,0,Actinopteri
Chuvirus,ecln-chu.122-Zeus_faber,0,Actinopteri
Chuvirus,ecln-chu.47-Oryzias_latipes,0,Actinopteri
Chuvirus,ecln-chu.52-Cyprinodon_variegatus,0,Actinopteri
Chuvirus,ecln-chu.53-Cyprinodon_variegatus,0,Actinopteri
Chuvirus,ecln-chu.54-Cyprinodon_variegatus,0,Actinopteri
Chuvirus,ecln-chu.55-Gambusia_affinis,0,Actinopteri
Chuvirus,ecln-chu.56-Gambusia_affinis,0,Actinopteri
Chuvirus,ecln-chu.57-Gambusia_affinis,0,Actinopteri
Chuvirus,ecln-chu.58-Gambusia_affinis,0,Actinopteri
Chuvirus,ecln-chu.59-Gambusia_affinis,0,Actinopteri
Chuvirus,ecln-chu.60-Poecilia_reticulata,0,Actinopteri
Chuvirus,ecln-chu.61-Poecilia_reticulata,0,Actinopteri
Chuvirus,ecln-chu.62-Poecilia_reticulata,0,Actinopteri
Chuvirus,ecln-chu.63-Poecilia_reticulata,0,Actinopteri
Chuvirus,ecln-chu.64-Poecilia_reticulata,0,Actinopteri
Chuvirus,ecln-chu.65-Poecilia_reticulata,0,Actinopteri
Chuvirus,ecln-chu.66-Poecilia_mexicana,0,Actinopteri
Chuvirus,ecln-chu.67-Poecilia_mexicana,0,Actinopteri
Chuvirus,ecln-chu.68-Poecilia_mexicana,0,Actinopteri
Chuvirus,ecln-chu.69-Poecilia_latipinna,0,Actinopteri
Chuvirus,ecln-chu.70-Poecilia_formosa,0,Actinopteri
Chuvirus,ecln-chu.71-Poecilia_formosa,0,Actinopteri
Chuvirus,ecln-chu.72-Poecilia_formosa,0,Actinopteri
Chuvirus,ecln-chu.73-Poropuntius_huangchuchieni,0,Actinopteri
Chuvirus,ecln-chu.74-Danio_rerio,0,Actinopteri
Chuvirus,ecln-chu.75-Danio_rerio,0,Actinopteri
Chuvirus,ecln-chu.76-Danio_rerio,0,Actinopteri
Chuvirus,ecln-chu.77-Danio_rerio,0,Actinopteri
Chuvirus,ecln-chu.78-Danio_rerio,0,Actinopteri
Chuvirus,ecln-chu.79-Danio_rerio,0,Actinopteri
Chuvirus,ecln-chu.80-Danio_rerio,0,Actinopteri
Chuvirus,ecln-chu.81-Danio_rerio,0,Actinopteri
Chuvirus,ecln-chu.82-Danio_rerio,0,Actinopteri
Chuvirus,ecln-chu.83-Danio_rerio,0,Actinopteri
Chuvirus,ecln-chu.84-Danio_rerio,0,Actinopteri
Chuvirus,ecln-chu.85-Danio_rerio,0,Actinopteri
Chuvirus,ecln-chu.86-Danio_rerio,0,Actinopteri
Chuvirus,ecln-chu.87-Danio_rerio,0,Actinopteri
Chuvirus,ecln-chu.88-Danio_rerio,0,Actinopteri
Chuvirus,ecln-chu.89-Danio_rerio,0,Actinopteri
Chuvirus,ecln-chu.90-Trachinotus_ovatus,0,Actinopteri
Chuvirus,ecln-chu.91-Arctogadus_glacialis,0,Actinopteri
Chuvirus,ecln-chu.92-Arctogadus_glacialis,0,Actinopteri
Chuvirus,ecln-chu.93-Arctogadus_glacialis,0,Actinopteri
Chuvirus,ecln-chu.94-Arctogadus_glacialis,0,Actinopteri
Chuvirus,ecln-chu.95-Arctogadus_glacialis,0,Actinopteri
Chuvirus,ecln-chu.96-Arctogadus_glacialis,0,Actinopteri
Chuvirus,ecln-chu.97-Boreogadus_saida,0,Actinopteri
Chuvirus,ecln-chu.98-Gadus_morhua,0,Actinopteri
Chuvirus,ecln-chu.99-Gadus_morhua,0,Actinopteri
Chuvirus,eclx-chu.13-Gadus_chalcogrammus,0,Actinopteri
Chuvirus,ecln-chu.123-Eptatretus_burgeri,0,Agnatha
Chuvirus,ecln-chu.124-Eptatretus_burgeri,0,Agnatha
Chuvirus,ecln-chu.125-Eptatretus_burgeri,0,Agnatha
Chuvirus,ecln-chu.126-Eptatretus_burgeri,0,Agnatha
Chuvirus,ecln-chu.127-Eptatretus_burgeri,0,Agnatha
Chuvirus,ecln-chu.128-Eptatretus_burgeri,0,Agnatha
Chuvirus,ecln-chu.129-Eptatretus_burgeri,0,Agnatha
Chuvirus,ecln-chu.130-Nanorana_parkeri,0,Amphibia
Chuvirus,ecln-chu.131-Leptobrachium_leishanense,0,Amphibia
Chuvirus,ecln-chu.133-Hymenochirus_boettgeri,0,Amphibia
Chuvirus,ecln-chu.134-Pipa_carvalhoi,0,Amphibia
Chuvirus,ecln-chu.135-Pipa_carvalhoi,0,Amphibia
Chuvirus,ecln-chu.136-Pipa_carvalhoi,0,Amphibia
Chuvirus,ecln-chu.137-Pipa_carvalhoi,0,Amphibia
Chuvirus,ecln-chu.138-Pipa_parva,0,Amphibia
Chuvirus,ecln-chu.139-Pipa_parva,0,Amphibia
Chuvirus,eclg-chu.10-Tursiops_truncatus,0,Mammalia
Chuvirus,eclg-chu.11-Tursiops_truncatus,0,Mammalia
Chuvirus,eclg-chu.12-Tursiops_truncatus,0,Mammalia
Chuvirus,ecln-chu.140-Antechinus_stuartii,0,Mammalia
Chuvirus,ecln-chu.141-Sarcophilus_harrisii,0,Mammalia
Chuvirus,ecln-chu.142-Gracilinanus_agilis,0,Mammalia
Chuvirus,ecln-chu.143-Gracilinanus_agilis,0,Mammalia
Chuvirus,ecln-chu.144-Gracilinanus_agilis,0,Mammalia
Chuvirus,ecln-chu.147-Gymnobelideus_leadbeateri,0,Mammalia
Chuvirus,ecln-chu.148-Gymnobelideus_leadbeateri,0,Mammalia
Chuvirus,ecln-chu.149-Gymnobelideus_leadbeateri,0,Mammalia
Chuvirus,ecln-chu.150-Phascolarctos_cinereus,0,Mammalia
Chuvirus,ecln-chu.151-Phascolarctos_cinereus,0,Mammalia
Chuvirus,ecln-chu.152-Phascolarctos_cinereus,0,Mammalia
Chuvirus,ecln-chu.153-Phascolarctos_cinereus,0,Mammalia
Chuvirus,ecln-chu.154-Phascolarctos_cinereus,0,Mammalia
Chuvirus,ecln-chu.155-Phascolarctos_cinereus,0,Mammalia
Chuvirus,ecln-chu.156-Phascolarctos_cinereus,0,Mammalia
Chuvirus,ecln-chu.157-Bettongia_penicillata,0,Mammalia
Chuvirus,ecln-chu.158-Vombatus_ursinus,0,Mammalia
Chuvirus,ecln-chu.159-Vombatus_ursinus,0,Mammalia
Chuvirus,ecln-chu.160-Vombatus_ursinus,0,Mammalia
Chuvirus,eclg-chu.9-Anilios_bituberculatus,0,Reptile
Chuvirus,ecln-chu.161-Arizona_elegans,0,Reptile
Chuvirus,ecln-chu.162-Pantherophis_guttatus,0,Reptile
Chuvirus,ecln-chu.163-Ptyas_mucosa,0,Reptile
Chuvirus,ecln-chu.164-Thamnophis_sirtalis,0,Reptile
Chuvirus,ecln-chu.165-Thamnophis_elegans,0,Reptile
Chuvirus,ecln-chu.166-Diadophis_punctatus,0,Reptile
Chuvirus,ecln-chu.167-Thermophis_baileyi,0,Reptile
Chuvirus,ecln-chu.168-Gekko_japonicus,0,Reptile
Chuvirus,ecln-chu.169-Gekko_japonicus,0,Reptile
Chuvirus,ecln-chu.170-Gekko_japonicus,0,Reptile
Chuvirus,ecln-chu.171-Calyptommatus_sinebrachiatus,0,Reptile
Chuvirus,ecln-chu.172-Tretioscincus_oriximinensis,0,Reptile
Chuvirus,ecln-chu.173-Sceloporus_undulatus,0,Reptile
Chuvirus,ecln-chu.174-Sceloporus_occidentalis,0,Reptile
Chuvirus,ecln-chu.175-Sceloporus_occidentalis,0,Reptile
Chuvirus,ecln-chu.176-Salvator_merianae,0,Reptile
Chuvirus,ecln-chu.177-Anilios_bituberculatus,0,Reptile
Chuvirus,ecln-chu.178-Anilios_bituberculatus,0,Reptile
Chuvirus,ecln-chu.179-Anilios_bituberculatus,0,Reptile
Chuvirus,ecln-chu.180-Bothrops_jararaca,0,Reptile
Chuvirus,ecln-chu.181-Bothrops_jararaca,0,Reptile
Chuvirus,ecln-chu.182-Bothrops_jararaca,0,Reptile
Filoviridae,efll-filo.1-Monodelphis_domestica,0,Mammalia
Filoviridae,efll-filo.4-Ctenomys_sociabilis,0,Mammalia
Filoviridae,efll-filo.5-Gracilinanus_agilis,0,Mammalia
Filoviridae,efln-filo.12-Diprodontia,0,Mammalia
Filoviridae,efln-filo.14-Macropus_eugenii,0,Mammalia
Filoviridae,efln-filo.16-Petaurus_breviceps,0,Mammalia
Filoviridae,efln-filo.18-Dromiciops_gliroides,0,Mammalia
Filoviridae,efln-filo.19-Gymnobelideus_leadbeateri,0,Mammalia
Filoviridae,efln-filo.20-Cricetulus_griseus,0,Mammalia
Filoviridae,efln-filo.21-Dipodomys_stephensi,0,Mammalia
Filoviridae,efln-filo.22-Mesocricetus_auratus,0,Mammalia
Filoviridae,efln-filo.23-Mesocricetus_auratus,0,Mammalia
Filoviridae,efln-filo.24-Neotoma_lepida,0,Mammalia
Filoviridae,efln-filo.27-Dromiciops,0,Mammalia
Filoviridae,efln-filo.31-soricidae-con,0,Mammalia
Filoviridae,efln-filo.31-Vespertilionidae,0,Mammalia
Filoviridae,efln-filo.6-Ctenomys,0,Mammalia
Filoviridae,efln-filo.61-diprotodontia,0,Mammalia
Filoviridae,efln-filo.63-diprotodontia,0,Mammalia
Filoviridae,efln-filo.64-diprotodontia,0,Mammalia
Filoviridae,efln-filo.68-diprotodontia,0,Mammalia
Filoviridae,eflp-filo.7-Macropodidae,0,Mammalia
Filoviridae,efnl-filo.29-Diprotodontia,0,Mammalia
Paramyxoviridae,epll-paramyxo.2-Nothobranchius_furzeri,0,Actinopteri
Paramyxoviridae,epll-paramyxo.3-Astyanax_mexicanus,0,Actinopteri
Paramyxoviridae,epll-paramyxo.4-Nothobranchius_furzeri,0,Actinopteri
Paramyxoviridae,epll-paramyxo.5-Beryx_splendens,0,Actinopteri
Paramyxoviridae,epll-paramyxo.6-Rondeletia_loricata,0,Actinopteri
Paramyxoviridae,epll-paramyxo.7-Rondeletia_loricata,0,Actinopteri
Paramyxoviridae,epll-paramyxo.8-Coryphaenoides_rupestris,0,Actinopteri
Paramyxoviridae,epll-paramyxo.9-Scophthalmus_maximus,0,Actinopteri
Paramyxoviridae,epln-paramyxo.12-Nothobranchius_furzeri,0,Actinopteri
Paramyxoviridae,epln-paramyxo.13-Astyanax_mexicanus,0,Actinopteri
Paramyxoviridae,epln-paramyxo.14-Astyanax_mexicanus,0,Actinopteri
Paramyxoviridae,epln-paramyxo.15-Astyanax_mexicanus,0,Actinopteri
Paramyxoviridae,epln-paramyxo.16-Astyanax_mexicanus,0,Actinopteri
Paramyxoviridae,epln-paramyxo.17-Astyanax_mexicanus,0,Actinopteri
Paramyxoviridae,epll-paramyxo.10-Limnodynastes_dumerilii,0,Amphibia
Paramyxoviridae,epll-paramyxo.11-Limnodynastes_dumerilii,0,Amphibia
Paramyxoviridae,eplh-paramyxo.1-Scyliorhinus_torazame,0,Chondrichthyes
